{"cameraMode":{"drawMode":0,"name":"Shaded","section":"Shading Mode"},"sceneLighting":true,"audioPlay":false,"sceneViewState":{"m_AlwaysRefresh":false,"showFog":true,"showSkybox":true,"showFlares":true,"showImageEffects":true,"showParticleSystems":true,"showVisualEffectGraphs":true,"m_FxEnabled":true},"in2DMode":false,"pivot":{"x":-1.0918148756027222,"y":4.816431045532227,"z":11.362361907958985},"rotation":{"x":-0.005512177478522062,"y":-0.024103114381432534,"z":-0.0056937201879918579,"w":0.9996956586837769},"size":14.571874618530274,"orthographic":false}