{"cameraMode":{"drawMode":0,"name":"Shaded","section":"Shading Mode"},"sceneLighting":true,"audioPlay":false,"sceneViewState":{"m_AlwaysRefresh":false,"showFog":true,"showSkybox":true,"showFlares":true,"showImageEffects":true,"showParticleSystems":true,"showVisualEffectGraphs":true,"m_FxEnabled":true},"in2DMode":false,"pivot":{"x":1.7418252229690552,"y":-7.804391384124756,"z":15.193977355957032},"rotation":{"x":0.24072539806365968,"y":0.18504635989665986,"z":-0.0522424690425396,"w":0.9513407945632935},"size":12.967997550964356,"orthographic":false}