{"cameraMode":{"drawMode":0,"name":"Shaded","section":"Shading Mode"},"sceneLighting":false,"audioPlay":false,"sceneViewState":{"m_AlwaysRefresh":false,"showFog":true,"showSkybox":false,"showFlares":true,"showImageEffects":true,"showParticleSystems":true,"showVisualEffectGraphs":true,"m_FxEnabled":true},"in2DMode":false,"pivot":{"x":-6.9915289878845219,"y":1.6434885263442994,"z":0.3944646716117859},"rotation":{"x":0.008578313514590264,"y":-0.807152509689331,"z":-0.0025806680787354709,"w":-0.5901237726211548},"size":0.11200857162475586,"orthographic":false}